Daniel Coelho,Aztec Agent,1:23,100,14 July 2018
David Clemens,Aztec Agent,1:24,97,15 November 2015
Eise S,Aztec Agent,1:24,97,14 February 2016
Luke Szklarz,Aztec Agent,1:24,97,10 February 2018
Rayan I,Aztec Secret Agent,1:30,100,30 August 2016
Luke Szklarz,Aztec Secret Agent,1:30,100,18 November 2017
David Clemens,Aztec Secret Agent,1:31,95,23 November 2015
Luke Szklarz,Aztec 00 Agent,1:35,100,10 September 2017
Daniel Coelho,Aztec 00 Agent,1:36,97,18 November 2017
David Clemens,Aztec 00 Agent,1:37,95,4 November 2015
Rayan I,Aztec 00 Agent,1:37,95,25 August 2016
Daniel Coelho,Aztec Agent,1:23,100,14 July 2018
David Clemens,Aztec Agent,1:24,97,15 November 2015
Eise S,Aztec Agent,1:24,97,14 February 2016
Luke Szklarz,Aztec Agent,1:24,97,10 February 2018
Rayan I,Aztec Secret Agent,1:30,100,30 August 2016
Luke Szklarz,Aztec Secret Agent,1:30,100,18 November 2017
David Clemens,Aztec Secret Agent,1:31,95,23 November 2015
Luke Szklarz,Aztec 00 Agent,1:35,100,10 September 2017
Daniel Coelho,Aztec 00 Agent,1:36,97,18 November 2017
David Clemens,Aztec 00 Agent,1:37,95,4 November 2015
Rayan I,Aztec 00 Agent,1:37,95,25 August 2016
Karl Jobst,Egypt Agent,0:44,100,1 February 2018
Hayden King,Egypt Agent,0:44,100,3 August 2018
David Clemens,Egypt Agent,0:45,95,8 May 2008
Rayan I,Egypt Agent,0:45,95,16 April 2010
Marc Rützou,Egypt Agent,0:45,95,27 January 2013
Luke Szklarz,Egypt Agent,0:45,95,26 July 2014
Philip Bezgoubov,Egypt Agent,0:45,95,29 August 2014
Michael K,Egypt Agent,0:45,95,6 September 2014
Daniel Coelho,Egypt Agent,0:45,95,6 September 2014
Jimmy Bauer,Egypt Agent,0:45,95,19 September 2014
Dan Parker,Egypt Agent,0:45,95,11 March 2016
Ilari Pekkala,Egypt Agent,0:45,95,25 March 2016
Bryan B,Egypt Agent,0:45,95,30 June 2016
Oscar Pleininger,Egypt Agent,0:45,95,18 April 2017
Ryan W,Egypt Agent,0:45,95,10 July 2017
Samuel Haycock,Egypt Agent,0:45,95,18 October 2017
Irie Butler,Egypt Agent,0:45,95,16 July 2018
Hayden King,Egypt Secret Agent,0:44,100,15 August 2018
Rayan I,Egypt Secret Agent,0:45,97,26 January 2013
Marc Rützou,Egypt Secret Agent,0:45,97,29 January 2013
Luke Szklarz,Egypt Secret Agent,0:45,97,29 July 2014
Daniel Coelho,Egypt Secret Agent,0:45,97,17 September 2014
Jimmy Bauer,Egypt Secret Agent,0:45,97,1 October 2014
Ilari Pekkala,Egypt Secret Agent,0:45,97,22 April 2016
Dan Parker,Egypt Secret Agent,0:45,97,25 April 2016
Karl Jobst,Egypt Secret Agent,0:45,97,15 January 2018
David Clemens,Egypt Secret Agent,0:45,97,10 February 2013
Hayden King,Egypt 00 Agent,0:44,100,20 August 2018
Rayan I,Egypt 00 Agent,0:45,97,22 January 2013
Marc Rützou,Egypt 00 Agent,0:45,97,30 January 2013
David Clemens,Egypt 00 Agent,0:45,97,3 February 2013
Luke Szklarz,Egypt 00 Agent,0:45,97,1 September 2014
Daniel Coelho,Egypt 00 Agent,0:45,97,18 September 2014
Jimmy Bauer,Egypt 00 Agent,0:45,97,8 October 2014
Dan Parker,Egypt 00 Agent,0:45,97,22 April 2016
Karl Jobst,Egypt 00 Agent,0:45,97,15 January 2018
Karl Jobst,Egypt Agent,0:44,100,1 February 2018
Hayden King,Egypt Agent,0:44,100,3 August 2018
David Clemens,Egypt Agent,0:45,95,8 May 2008
Rayan I,Egypt Agent,0:45,95,16 April 2010
Marc Rützou,Egypt Agent,0:45,95,27 January 2013
Luke Szklarz,Egypt Agent,0:45,95,26 July 2014
Philip Bezgoubov,Egypt Agent,0:45,95,29 August 2014
Michael K,Egypt Agent,0:45,95,6 September 2014
Daniel Coelho,Egypt Agent,0:45,95,6 September 2014
Jimmy Bauer,Egypt Agent,0:45,95,19 September 2014
Dan Parker,Egypt Agent,0:45,95,11 March 2016
Ilari Pekkala,Egypt Agent,0:45,95,25 March 2016
Bryan B,Egypt Agent,0:45,95,30 June 2016
Oscar Pleininger,Egypt Agent,0:45,95,18 April 2017
Ryan W,Egypt Agent,0:45,95,10 July 2017
Samuel Haycock,Egypt Agent,0:45,95,18 October 2017
Irie Butler,Egypt Agent,0:45,95,16 July 2018
Hayden King,Egypt Secret Agent,0:44,100,15 August 2018
Rayan I,Egypt Secret Agent,0:45,97,26 January 2013
Marc Rützou,Egypt Secret Agent,0:45,97,29 January 2013
Luke Szklarz,Egypt Secret Agent,0:45,97,29 July 2014
Daniel Coelho,Egypt Secret Agent,0:45,97,17 September 2014
Jimmy Bauer,Egypt Secret Agent,0:45,97,1 October 2014
Ilari Pekkala,Egypt Secret Agent,0:45,97,22 April 2016
Dan Parker,Egypt Secret Agent,0:45,97,25 April 2016
Karl Jobst,Egypt Secret Agent,0:45,97,15 January 2018
David Clemens,Egypt Secret Agent,0:45,97,10 February 2013
Hayden King,Egypt 00 Agent,0:44,100,20 August 2018
Rayan I,Egypt 00 Agent,0:45,97,22 January 2013
Marc Rützou,Egypt 00 Agent,0:45,97,30 January 2013
David Clemens,Egypt 00 Agent,0:45,97,3 February 2013
Luke Szklarz,Egypt 00 Agent,0:45,97,1 September 2014
Daniel Coelho,Egypt 00 Agent,0:45,97,18 September 2014
Jimmy Bauer,Egypt 00 Agent,0:45,97,8 October 2014
Dan Parker,Egypt 00 Agent,0:45,97,22 April 2016
Karl Jobst,Egypt 00 Agent,0:45,97,15 January 2018
